"0","chi2_ind_wtd <- function(x, y, weight, dataset){"
"0","  i <- 1"
"0","  table_new <- data.frame()"
"0","  for (i in 1:length(x)) {"
"0","  ni <- x[i]"
"0","  ti <- dataset %>% "
"0","    filter(!is.na(!!sym(y))) %>%"
"0","    group_by(!!sym(y), !!sym(ni)) %>% "
"0","    filter(!is.na(!!sym(ni))) %>%"
"0","    summarise(wtn = sum(!!sym(weight)), n = n()) %>%"
"0","    mutate(prop = wtn/sum(wtn), varnam = ni)"
"0","  names(ti) <- c(""var_ind"", ""var_dep_val"", ""wtn"", ""n"",  ""prop"", ""dep_var_nam"")"
"0","  ti <- ti %>% ungroup() %>% mutate(base = sum(c_across(n)))"
"0","  chi_test  <- wtd.chi.sq(var1 = dataset[, paste0(y)], var2 = dataset[, paste0(ni)], weight = dataset[, paste0(weight)])"
"0","  ti$chisq <- chi_test[1]"
"0","  ti$df <- chi_test[2]"
"0","  ti$p <- chi_test[3]"
"0","  ti$hypo <- ifelse(ti$p < 0.05, ""h1"", ""h0"")"
"0","  table_new <- rbind(table_new, ti)"
"0","}"
"0","table_cl_new_1 <- table_new %>% "
"0","  #filter(var_dep_val != ""0"") %>% "
"0","  filter(!is.na(var_dep_val))"
"0","#mutate(var_id = paste0(dep_var_nam, ""."", var_dep_val))"
"0","table_cl_new_1 <- table_cl_new_1[, -c(3, 4)]"
"0",""
"0","table_sprd <- tidyr::spread(table_cl_new_1, var_ind, prop) %>%"
"0","  arrange(dep_var_nam)"
"0","return(table_sprd)"
"0","}"
